country_code,country,strategy,period,status,statistically_insufficient,start,end,months,turnover_annualized_std,turnover_annualized_energy,turnover_annualized_delta,turnover_12m_std,turnover_12m_energy,contribution_energy_nominal_pts,active_months,activation_rate,active_phases,mean_run_months,median_run_months,max_run_months,last_activation,last_deactivation,signal_availability
AU,Australie,dynamic,common,ok,false,2006-03,2026-06,244,0.428523,0.597238,0.168715,0.402845,0.56527,18.063711,137,0.561475,24,5.708333,5,18,2026-01,2026-06,1
AU,Australie,dynamic,20y,ok,false,2006-06,2026-06,241,0.43115,0.601761,0.170611,0.402845,0.56527,17.564617,134,0.556017,24,5.583333,4.5,18,2026-01,2026-06,1
AU,Australie,dynamic,10y,ok,false,2016-06,2026-06,121,0.32577,0.535353,0.209584,0.402845,0.56527,12.736011,69,0.570248,13,5.307692,4,14,2026-01,2026-06,1
AU,Australie,dynamic,5y,ok,false,2021-06,2026-06,61,0.299475,0.466173,0.166698,0.402845,0.56527,6.718369,35,0.57377,7,5,5,8,2026-01,2026-06,1
AU,Australie,binary,common,ok,false,2006-03,2026-06,244,0.900472,1.050592,0.15012,1.607217,1.70542,18.698725,137,0.561475,24,5.708333,5,18,2026-01,2026-06,1
AU,Australie,binary,20y,ok,false,2006-06,2026-06,241,0.911728,1.063725,0.151996,1.607217,1.70542,18.203295,134,0.556017,24,5.583333,4.5,18,2026-01,2026-06,1
AU,Australie,binary,10y,ok,false,2016-06,2026-06,121,0.82213,0.985318,0.163189,1.607217,1.70542,13.555243,69,0.570248,13,5.307692,4,14,2026-01,2026-06,1
AU,Australie,binary,5y,ok,false,2021-06,2026-06,61,0.838426,1.008402,0.169976,1.607217,1.70542,7.450052,35,0.57377,7,5,5,8,2026-01,2026-06,1
BR,Brésil,dynamic,common,ok,false,2008-10,2026-06,213,0.396755,0.573716,0.176961,0.120922,0.424428,13.545747,113,0.530516,22,5.136364,4.5,14,2026-01,2026-06,1
BR,Brésil,dynamic,20y,insufficient_history,true,2008-10,2026-06,213,,,,,,,,,,,,,,,
BR,Brésil,dynamic,10y,ok,false,2016-06,2026-06,121,0.411273,0.582045,0.170772,0.120922,0.424428,13.418835,69,0.570248,13,5.307692,4,14,2026-01,2026-06,1
BR,Brésil,dynamic,5y,ok,false,2021-06,2026-06,61,0.216748,0.42123,0.204482,0.120922,0.424428,6.781267,35,0.57377,7,5,5,8,2026-01,2026-06,1
BR,Brésil,binary,common,ok,false,2008-10,2026-06,213,1.201072,1.348751,0.147679,1.532807,1.661866,13.624994,113,0.530516,22,5.136364,4.5,14,2026-01,2026-06,1
BR,Brésil,binary,20y,insufficient_history,true,2008-10,2026-06,213,,,,,,,,,,,,,,,
BR,Brésil,binary,10y,ok,false,2016-06,2026-06,121,0.996434,1.14473,0.148296,1.532807,1.661866,13.520999,69,0.570248,13,5.307692,4,14,2026-01,2026-06,1
BR,Brésil,binary,5y,ok,false,2021-06,2026-06,61,0.769641,0.944512,0.17487,1.532807,1.661866,6.849048,35,0.57377,7,5,5,8,2026-01,2026-06,1
CA,Canada,dynamic,common,ok,false,1995-01,2026-06,378,0.343753,0.503375,0.159622,0.451651,0.593808,44.02053,228,0.603175,33,6.909091,5,21,2026-01,2026-06,0.986772
CA,Canada,dynamic,20y,ok,false,2006-06,2026-06,241,0.338533,0.514442,0.175909,0.451651,0.593808,18.182098,134,0.556017,24,5.583333,4.5,18,2026-01,2026-06,1
CA,Canada,dynamic,10y,ok,false,2016-06,2026-06,121,0.298457,0.499053,0.200597,0.451651,0.593808,12.015452,69,0.570248,13,5.307692,4,14,2026-01,2026-06,1
CA,Canada,dynamic,5y,ok,false,2021-06,2026-06,61,0.315871,0.486659,0.170788,0.451651,0.593808,7.058824,35,0.57377,7,5,5,8,2026-01,2026-06,1
CA,Canada,binary,common,ok,false,1995-01,2026-06,378,0.890866,1.018721,0.127855,0.501257,0.762811,45.085259,228,0.603175,33,6.909091,5,21,2026-01,2026-06,0.986772
CA,Canada,binary,20y,ok,false,2006-06,2026-06,241,0.884087,1.03846,0.154373,0.501257,0.762811,18.946294,134,0.556017,24,5.583333,4.5,18,2026-01,2026-06,1
CA,Canada,binary,10y,ok,false,2016-06,2026-06,121,0.656839,0.828335,0.171496,0.501257,0.762811,12.094982,69,0.570248,13,5.307692,4,14,2026-01,2026-06,1
CA,Canada,binary,5y,ok,false,2021-06,2026-06,61,0.56742,0.75592,0.1885,0.501257,0.762811,6.979527,35,0.57377,7,5,5,8,2026-01,2026-06,1
CH,Suisse,dynamic,common,ok,false,2002-05,2026-06,290,0.295246,0.466846,0.171599,0.439776,0.544224,27.516689,179,0.617241,28,6.392857,5,19,2026-01,2026-06,1
CH,Suisse,dynamic,20y,ok,false,2006-06,2026-06,241,0.308936,0.491292,0.182356,0.439776,0.544224,16.309687,134,0.556017,24,5.583333,4.5,18,2026-01,2026-06,1
CH,Suisse,dynamic,10y,ok,false,2016-06,2026-06,121,0.262486,0.459837,0.197351,0.439776,0.544224,11.489266,69,0.570248,13,5.307692,4,14,2026-01,2026-06,1
CH,Suisse,dynamic,5y,ok,false,2021-06,2026-06,61,0.237466,0.433506,0.196041,0.439776,0.544224,6.009397,35,0.57377,7,5,5,8,2026-01,2026-06,1
CH,Suisse,binary,common,ok,false,2002-05,2026-06,290,0.688563,0.850743,0.16218,1.074177,1.223785,27.43721,179,0.617241,28,6.392857,5,19,2026-01,2026-06,1
CH,Suisse,binary,20y,ok,false,2006-06,2026-06,241,0.676131,0.84852,0.172389,1.074177,1.223785,16.089969,134,0.556017,24,5.583333,4.5,18,2026-01,2026-06,1
CH,Suisse,binary,10y,ok,false,2016-06,2026-06,121,0.88037,1.034631,0.154261,1.074177,1.223785,11.400319,69,0.570248,13,5.307692,4,14,2026-01,2026-06,1
CH,Suisse,binary,5y,ok,false,2021-06,2026-06,61,0.874781,1.048025,0.173245,1.074177,1.223785,5.895601,35,0.57377,7,5,5,8,2026-01,2026-06,1
CN,Chine,dynamic,common,ok,false,2010-11,2026-06,188,0.272512,0.457103,0.184592,0.286463,0.449152,11.125382,101,0.537234,20,5.05,4.5,14,2026-01,2026-06,1
CN,Chine,dynamic,20y,insufficient_history,true,2010-11,2026-06,188,,,,,,,,,,,,,,,
CN,Chine,dynamic,10y,ok,false,2016-06,2026-06,121,0.259029,0.449459,0.19043,0.286463,0.449152,11.038142,69,0.570248,13,5.307692,4,14,2026-01,2026-06,1
CN,Chine,dynamic,5y,ok,false,2021-06,2026-06,61,0.244695,0.426023,0.181329,0.286463,0.449152,5.886472,35,0.57377,7,5,5,8,2026-01,2026-06,1
CN,Chine,binary,common,ok,false,2010-11,2026-06,188,0.688013,0.872979,0.184966,1.325979,1.446645,11.156299,101,0.537234,20,5.05,4.5,14,2026-01,2026-06,1
CN,Chine,binary,20y,insufficient_history,true,2010-11,2026-06,188,,,,,,,,,,,,,,,
CN,Chine,binary,10y,ok,false,2016-06,2026-06,121,0.77692,0.934687,0.157767,1.325979,1.446645,11.08945,69,0.570248,13,5.307692,4,14,2026-01,2026-06,1
CN,Chine,binary,5y,ok,false,2021-06,2026-06,61,0.935321,1.06081,0.125489,1.325979,1.446645,5.81227,35,0.57377,7,5,5,8,2026-01,2026-06,1
DE,Allemagne,dynamic,common,ok,false,2002-11,2026-06,284,0.331239,0.497786,0.166547,0.392492,0.501251,30.454884,173,0.609155,28,6.178571,5,19,2026-01,2026-06,1
DE,Allemagne,dynamic,20y,ok,false,2006-06,2026-06,241,0.319282,0.488727,0.169445,0.392492,0.501251,19.160112,134,0.556017,24,5.583333,4.5,18,2026-01,2026-06,1
DE,Allemagne,dynamic,10y,ok,false,2016-06,2026-06,121,0.293109,0.479364,0.186255,0.392492,0.501251,13.520406,69,0.570248,13,5.307692,4,14,2026-01,2026-06,1
DE,Allemagne,dynamic,5y,ok,false,2021-06,2026-06,61,0.304931,0.45477,0.149839,0.392492,0.501251,7.261378,35,0.57377,7,5,5,8,2026-01,2026-06,1
DE,Allemagne,binary,common,ok,false,2002-11,2026-06,284,0.68853,0.867002,0.178471,0.563857,0.812961,32.867397,173,0.609155,28,6.178571,5,19,2026-01,2026-06,1
DE,Allemagne,binary,20y,ok,false,2006-06,2026-06,241,0.758334,0.93353,0.175195,0.563857,0.812961,20.094582,134,0.556017,24,5.583333,4.5,18,2026-01,2026-06,1
DE,Allemagne,binary,10y,ok,false,2016-06,2026-06,121,0.759838,0.937181,0.177344,0.563857,0.812961,14.409911,69,0.570248,13,5.307692,4,14,2026-01,2026-06,1
DE,Allemagne,binary,5y,ok,false,2021-06,2026-06,61,0.772625,0.945653,0.173028,0.563857,0.812961,8.188458,35,0.57377,7,5,5,8,2026-01,2026-06,1
DK,Danemark,dynamic,common,ok,true,2024-10,2026-06,21,0.394044,0.590046,0.196002,0.570585,0.659151,2.020423,14,0.666667,3,4.666667,5,5,2026-01,2026-06,1
DK,Danemark,dynamic,20y,insufficient_history,true,2024-10,2026-06,21,,,,,,,,,,,,,,,
DK,Danemark,dynamic,10y,insufficient_history,true,2024-10,2026-06,21,,,,,,,,,,,,,,,
DK,Danemark,dynamic,5y,insufficient_history,true,2024-10,2026-06,21,,,,,,,,,,,,,,,
DK,Danemark,binary,common,ok,true,2024-10,2026-06,21,1.132629,1.32942,0.196791,1.351935,1.46901,2.117471,14,0.666667,3,4.666667,5,5,2026-01,2026-06,1
DK,Danemark,binary,20y,insufficient_history,true,2024-10,2026-06,21,,,,,,,,,,,,,,,
DK,Danemark,binary,10y,insufficient_history,true,2024-10,2026-06,21,,,,,,,,,,,,,,,
DK,Danemark,binary,5y,insufficient_history,true,2024-10,2026-06,21,,,,,,,,,,,,,,,
ES,Espagne,dynamic,common,ok,false,2007-02,2026-06,233,0.322015,0.500664,0.178649,0.461796,0.619745,19.642479,131,0.562232,23,5.695652,5,18,2026-01,2026-06,1
ES,Espagne,dynamic,20y,insufficient_history,true,2007-02,2026-06,233,,,,,,,,,,,,,,,
ES,Espagne,dynamic,10y,ok,false,2016-06,2026-06,121,0.326801,0.51986,0.19306,0.461796,0.619745,13.251661,69,0.570248,13,5.307692,4,14,2026-01,2026-06,1
ES,Espagne,dynamic,5y,ok,false,2021-06,2026-06,61,0.314695,0.488175,0.17348,0.461796,0.619745,7.183329,35,0.57377,7,5,5,8,2026-01,2026-06,1
ES,Espagne,binary,common,ok,false,2007-02,2026-06,233,0.520247,0.714961,0.194713,0.058677,0.330332,22.510202,131,0.562232,23,5.695652,5,18,2026-01,2026-06,1
ES,Espagne,binary,20y,insufficient_history,true,2007-02,2026-06,233,,,,,,,,,,,,,,,
ES,Espagne,binary,10y,ok,false,2016-06,2026-06,121,0.596138,0.801325,0.205187,0.058677,0.330332,16.015247,69,0.570248,13,5.307692,4,14,2026-01,2026-06,1
ES,Espagne,binary,5y,ok,false,2021-06,2026-06,61,0.411964,0.642136,0.230172,0.058677,0.330332,9.537372,35,0.57377,7,5,5,8,2026-01,2026-06,1
FR,France,dynamic,common,ok,false,2004-06,2026-06,265,0.323614,0.50108,0.177466,0.397812,0.592739,25.717492,155,0.584906,27,5.740741,5,18,2026-01,2026-06,1
FR,France,dynamic,20y,ok,false,2006-06,2026-06,241,0.322818,0.495224,0.172406,0.397812,0.592739,19.159973,134,0.556017,24,5.583333,4.5,18,2026-01,2026-06,1
FR,France,dynamic,10y,ok,false,2016-06,2026-06,121,0.322506,0.508844,0.186338,0.397812,0.592739,13.375049,69,0.570248,13,5.307692,4,14,2026-01,2026-06,1
FR,France,dynamic,5y,ok,false,2021-06,2026-06,61,0.319496,0.489169,0.169673,0.397812,0.592739,7.278902,35,0.57377,7,5,5,8,2026-01,2026-06,1
FR,France,binary,common,ok,false,2004-06,2026-06,265,0.576608,0.76872,0.192112,1.083666,1.225371,26.593401,155,0.584906,27,5.740741,5,18,2026-01,2026-06,1
FR,France,binary,20y,ok,false,2006-06,2026-06,241,0.605699,0.791216,0.185517,1.083666,1.225371,19.433682,134,0.556017,24,5.583333,4.5,18,2026-01,2026-06,1
FR,France,binary,10y,ok,false,2016-06,2026-06,121,0.708574,0.890006,0.181432,1.083666,1.225371,13.615692,69,0.570248,13,5.307692,4,14,2026-01,2026-06,1
FR,France,binary,5y,ok,false,2021-06,2026-06,61,0.67363,0.857968,0.184338,1.083666,1.225371,7.183464,35,0.57377,7,5,5,8,2026-01,2026-06,1
GB,Royaume-Uni,dynamic,common,ok,false,1997-10,2025-12,339,0.245268,0.424708,0.179439,0.370667,0.399833,38.957601,203,0.59882,31,6.548387,5,21,2025-06,2025-11,1
GB,Royaume-Uni,dynamic,20y,ok,false,2005-12,2025-12,241,0.249231,0.434716,0.185485,0.370667,0.399833,17.007925,134,0.556017,24,5.583333,4.5,18,2025-06,2025-11,1
GB,Royaume-Uni,dynamic,10y,ok,false,2015-12,2025-12,121,0.255617,0.440229,0.184612,0.370667,0.399833,11.147956,66,0.545455,12,5.5,4,14,2025-06,2025-11,1
GB,Royaume-Uni,dynamic,5y,ok,false,2020-12,2025-12,61,0.28463,0.397313,0.112683,0.370667,0.399833,7.995812,36,0.590164,6,6,4.5,11,2025-06,2025-11,1
GB,Royaume-Uni,binary,common,ok,false,1997-10,2025-12,339,0.454331,0.625878,0.171546,0.745775,0.947594,40.070058,203,0.59882,31,6.548387,5,21,2025-06,2025-11,1
GB,Royaume-Uni,binary,20y,ok,false,2005-12,2025-12,241,0.484839,0.668399,0.18356,0.745775,0.947594,17.752081,134,0.556017,24,5.583333,4.5,18,2025-06,2025-11,1
GB,Royaume-Uni,binary,10y,ok,false,2015-12,2025-12,121,0.685498,0.867614,0.182116,0.745775,0.947594,11.794839,66,0.545455,12,5.5,4,14,2025-06,2025-11,1
GB,Royaume-Uni,binary,5y,ok,false,2020-12,2025-12,61,0.665583,0.844674,0.179091,0.745775,0.947594,8.774435,36,0.590164,6,6,4.5,11,2025-06,2025-11,1
HK,Hong Kong,dynamic,common,ok,false,1995-01,2026-06,378,0.242278,0.406795,0.164517,0.168635,0.374755,45.533302,228,0.603175,33,6.909091,5,21,2026-01,2026-06,0.986772
HK,Hong Kong,dynamic,20y,ok,false,2006-06,2026-06,241,0.25824,0.44038,0.18214,0.168635,0.374755,16.433247,134,0.556017,24,5.583333,4.5,18,2026-01,2026-06,1
HK,Hong Kong,dynamic,10y,ok,false,2016-06,2026-06,121,0.233367,0.432786,0.19942,0.168635,0.374755,10.353744,69,0.570248,13,5.307692,4,14,2026-01,2026-06,1
HK,Hong Kong,dynamic,5y,ok,false,2021-06,2026-06,61,0.141946,0.348274,0.206328,0.168635,0.374755,5.606294,35,0.57377,7,5,5,8,2026-01,2026-06,1
HK,Hong Kong,binary,common,ok,false,1995-01,2026-06,378,0.597634,0.748652,0.151018,1.069623,1.188833,48.942814,228,0.603175,33,6.909091,5,21,2026-01,2026-06,0.986772
HK,Hong Kong,binary,20y,ok,false,2006-06,2026-06,241,0.693721,0.856885,0.163164,1.069623,1.188833,17.515745,134,0.556017,24,5.583333,4.5,18,2026-01,2026-06,1
HK,Hong Kong,binary,10y,ok,false,2016-06,2026-06,121,0.531829,0.728733,0.196903,1.069623,1.188833,11.431577,69,0.570248,13,5.307692,4,14,2026-01,2026-06,1
HK,Hong Kong,binary,5y,ok,false,2021-06,2026-06,61,0.274105,0.489603,0.215498,1.069623,1.188833,6.386386,35,0.57377,7,5,5,8,2026-01,2026-06,1
ID,Indonésie,dynamic,common,ok,false,2013-01,2026-06,162,0.519129,0.674679,0.15555,0.360144,0.514066,15.233207,85,0.524691,18,4.722222,4,14,2026-01,2026-06,1
ID,Indonésie,dynamic,20y,insufficient_history,true,2013-01,2026-06,162,,,,,,,,,,,,,,,
ID,Indonésie,dynamic,10y,ok,false,2016-06,2026-06,121,0.516077,0.641427,0.12535,0.360144,0.514066,13.979615,69,0.570248,13,5.307692,4,14,2026-01,2026-06,1
ID,Indonésie,dynamic,5y,ok,false,2021-06,2026-06,61,0.348371,0.481006,0.132635,0.360144,0.514066,7.573269,35,0.57377,7,5,5,8,2026-01,2026-06,1
ID,Indonésie,binary,common,ok,false,2013-01,2026-06,162,1.249535,1.403514,0.15398,0.522657,0.78838,16.279418,85,0.524691,18,4.722222,4,14,2026-01,2026-06,1
ID,Indonésie,binary,20y,insufficient_history,true,2013-01,2026-06,162,,,,,,,,,,,,,,,
ID,Indonésie,binary,10y,ok,false,2016-06,2026-06,121,0.953339,1.124001,0.170662,0.522657,0.78838,14.980174,69,0.570248,13,5.307692,4,14,2026-01,2026-06,1
ID,Indonésie,binary,5y,ok,false,2021-06,2026-06,61,0.950661,1.127387,0.176726,0.522657,0.78838,8.465273,35,0.57377,7,5,5,8,2026-01,2026-06,1
IN,Inde,dynamic,common,ok,false,2005-05,2026-06,254,0.360019,0.516041,0.156021,0.622645,0.65743,25.914949,145,0.570866,26,5.576923,5,18,2026-01,2026-06,1
IN,Inde,dynamic,20y,ok,false,2006-06,2026-06,241,0.36036,0.510958,0.150598,0.622645,0.65743,21.735625,134,0.556017,24,5.583333,4.5,18,2026-01,2026-06,1
IN,Inde,dynamic,10y,ok,false,2016-06,2026-06,121,0.376927,0.529832,0.152904,0.622645,0.65743,13.525019,69,0.570248,13,5.307692,4,14,2026-01,2026-06,1
IN,Inde,dynamic,5y,ok,false,2021-06,2026-06,61,0.375835,0.520847,0.145012,0.622645,0.65743,7.296788,35,0.57377,7,5,5,8,2026-01,2026-06,1
IN,Inde,binary,common,ok,false,2005-05,2026-06,254,0.739755,0.897956,0.158201,0.906429,1.033954,26.11283,145,0.570866,26,5.576923,5,18,2026-01,2026-06,1
IN,Inde,binary,20y,ok,false,2006-06,2026-06,241,0.704537,0.858155,0.153618,0.906429,1.033954,21.943478,134,0.556017,24,5.583333,4.5,18,2026-01,2026-06,1
IN,Inde,binary,10y,ok,false,2016-06,2026-06,121,0.77433,0.936998,0.162668,0.906429,1.033954,14.065664,69,0.570248,13,5.307692,4,14,2026-01,2026-06,1
IN,Inde,binary,5y,ok,false,2021-06,2026-06,61,1.050016,1.196988,0.146972,0.906429,1.033954,7.392985,35,0.57377,7,5,5,8,2026-01,2026-06,1
IT,Italie,dynamic,common,ok,false,2013-09,2026-06,154,0.35038,0.544115,0.193735,0.522604,0.679014,13.858824,81,0.525974,16,5.0625,4,14,2026-01,2026-06,1
IT,Italie,dynamic,20y,insufficient_history,true,2013-09,2026-06,154,,,,,,,,,,,,,,,
IT,Italie,dynamic,10y,ok,false,2016-06,2026-06,121,0.337495,0.539942,0.202446,0.522604,0.679014,13.191282,69,0.570248,13,5.307692,4,14,2026-01,2026-06,1
IT,Italie,dynamic,5y,ok,false,2021-06,2026-06,61,0.3145,0.533455,0.218955,0.522604,0.679014,7.151665,35,0.57377,7,5,5,8,2026-01,2026-06,1
IT,Italie,binary,common,ok,false,2013-09,2026-06,154,0.756713,0.936685,0.179972,0.560889,0.747428,15.273651,81,0.525974,16,5.0625,4,14,2026-01,2026-06,1
IT,Italie,binary,20y,insufficient_history,true,2013-09,2026-06,154,,,,,,,,,,,,,,,
IT,Italie,binary,10y,ok,false,2016-06,2026-06,121,0.859301,1.029834,0.170532,0.560889,0.747428,14.605075,69,0.570248,13,5.307692,4,14,2026-01,2026-06,1
IT,Italie,binary,5y,ok,false,2021-06,2026-06,61,0.716325,0.892513,0.176189,0.560889,0.747428,8.49048,35,0.57377,7,5,5,8,2026-01,2026-06,1
JP,Japon,dynamic,common,ok,false,1995-01,2026-06,378,0.294406,0.452392,0.157986,0.347752,0.495076,51.231459,228,0.603175,33,6.909091,5,21,2026-01,2026-06,0.986772
JP,Japon,dynamic,20y,ok,false,2006-06,2026-06,241,0.287591,0.462144,0.174553,0.347752,0.495076,22.261805,134,0.556017,24,5.583333,4.5,18,2026-01,2026-06,1
JP,Japon,dynamic,10y,ok,false,2016-06,2026-06,121,0.25067,0.451908,0.201238,0.347752,0.495076,15.376694,69,0.570248,13,5.307692,4,14,2026-01,2026-06,1
JP,Japon,dynamic,5y,ok,false,2021-06,2026-06,61,0.238751,0.427598,0.188848,0.347752,0.495076,8.996689,35,0.57377,7,5,5,8,2026-01,2026-06,1
JP,Japon,binary,common,ok,false,1995-01,2026-06,378,0.531864,0.688284,0.15642,1.076717,1.21439,54.841052,228,0.603175,33,6.909091,5,21,2026-01,2026-06,0.986772
JP,Japon,binary,20y,ok,false,2006-06,2026-06,241,0.459313,0.637536,0.178223,1.076717,1.21439,23.856318,134,0.556017,24,5.583333,4.5,18,2026-01,2026-06,1
JP,Japon,binary,10y,ok,false,2016-06,2026-06,121,0.668078,0.821063,0.152985,1.076717,1.21439,16.067181,69,0.570248,13,5.307692,4,14,2026-01,2026-06,1
JP,Japon,binary,5y,ok,false,2021-06,2026-06,61,0.648034,0.793782,0.145747,1.076717,1.21439,9.378079,35,0.57377,7,5,5,8,2026-01,2026-06,1
KR,Corée du Sud,dynamic,common,ok,false,2005-01,2026-06,258,0.354471,0.512888,0.158417,0.511423,0.708975,24.70857,149,0.577519,26,5.730769,5,18,2026-01,2026-06,1
KR,Corée du Sud,dynamic,20y,ok,false,2006-06,2026-06,241,0.355451,0.509325,0.153873,0.511423,0.708975,20.167408,134,0.556017,24,5.583333,4.5,18,2026-01,2026-06,1
KR,Corée du Sud,dynamic,10y,ok,false,2016-06,2026-06,121,0.336027,0.50313,0.167103,0.511423,0.708975,14.071765,69,0.570248,13,5.307692,4,14,2026-01,2026-06,1
KR,Corée du Sud,dynamic,5y,ok,false,2021-06,2026-06,61,0.291858,0.45709,0.165232,0.511423,0.708975,8.917737,35,0.57377,7,5,5,8,2026-01,2026-06,1
KR,Corée du Sud,binary,common,ok,false,2005-01,2026-06,258,0.863636,1.009205,0.145569,1.156467,1.283349,25.877819,149,0.577519,26,5.730769,5,18,2026-01,2026-06,1
KR,Corée du Sud,binary,20y,ok,false,2006-06,2026-06,241,0.825339,0.973041,0.147702,1.156467,1.283349,21.246442,134,0.556017,24,5.583333,4.5,18,2026-01,2026-06,1
KR,Corée du Sud,binary,10y,ok,false,2016-06,2026-06,121,0.638542,0.807594,0.169052,1.156467,1.283349,15.068175,69,0.570248,13,5.307692,4,14,2026-01,2026-06,1
KR,Corée du Sud,binary,5y,ok,false,2021-06,2026-06,61,0.744336,0.880941,0.136605,1.156467,1.283349,9.747483,35,0.57377,7,5,5,8,2026-01,2026-06,1
MX,Mexique,dynamic,common,ok,false,2007-11,2026-06,224,0.453133,0.61924,0.166108,0.48926,0.73014,18.300134,122,0.544643,23,5.304348,5,14,2026-01,2026-06,1
MX,Mexique,dynamic,20y,insufficient_history,true,2007-11,2026-06,224,,,,,,,,,,,,,,,
MX,Mexique,dynamic,10y,ok,false,2016-06,2026-06,121,0.470434,0.651439,0.181004,0.48926,0.73014,13.055322,69,0.570248,13,5.307692,4,14,2026-01,2026-06,1
MX,Mexique,dynamic,5y,ok,false,2021-06,2026-06,61,0.562224,0.725684,0.16346,0.48926,0.73014,6.882773,35,0.57377,7,5,5,8,2026-01,2026-06,1
MX,Mexique,binary,common,ok,false,2007-11,2026-06,224,1.279165,1.411512,0.132347,0.508016,0.764488,18.195479,122,0.544643,23,5.304348,5,14,2026-01,2026-06,1
MX,Mexique,binary,20y,insufficient_history,true,2007-11,2026-06,224,,,,,,,,,,,,,,,
MX,Mexique,binary,10y,ok,false,2016-06,2026-06,121,1.189502,1.338754,0.149251,0.508016,0.764488,13.397954,69,0.570248,13,5.307692,4,14,2026-01,2026-06,1
MX,Mexique,binary,5y,ok,false,2021-06,2026-06,61,1.10824,1.272521,0.164282,0.508016,0.764488,7.16283,35,0.57377,7,5,5,8,2026-01,2026-06,1
NO,Norvège,dynamic,common,ok,false,2003-11,2026-06,272,0.373094,0.528414,0.15532,0.428358,0.498293,29.531708,162,0.595588,27,6,5,18,2026-01,2026-06,1
NO,Norvège,dynamic,20y,ok,false,2006-06,2026-06,241,0.360162,0.520432,0.160271,0.428358,0.498293,20.202533,134,0.556017,24,5.583333,4.5,18,2026-01,2026-06,1
NO,Norvège,dynamic,10y,ok,false,2016-06,2026-06,121,0.32036,0.489163,0.168803,0.428358,0.498293,13.931848,69,0.570248,13,5.307692,4,14,2026-01,2026-06,1
NO,Norvège,dynamic,5y,ok,false,2021-06,2026-06,61,0.291871,0.45217,0.1603,0.428358,0.498293,7.646807,35,0.57377,7,5,5,8,2026-01,2026-06,1
NO,Norvège,binary,common,ok,false,2003-11,2026-06,272,0.862354,1.00573,0.143376,1.155678,1.282328,32.620808,162,0.595588,27,6,5,18,2026-01,2026-06,1
NO,Norvège,binary,20y,ok,false,2006-06,2026-06,241,0.860255,1.005319,0.145064,1.155678,1.282328,21.215907,134,0.556017,24,5.583333,4.5,18,2026-01,2026-06,1
NO,Norvège,binary,10y,ok,false,2016-06,2026-06,121,0.780716,0.941567,0.160851,1.155678,1.282328,14.916811,69,0.570248,13,5.307692,4,14,2026-01,2026-06,1
NO,Norvège,binary,5y,ok,false,2021-06,2026-06,61,0.647449,0.823569,0.17612,1.155678,1.282328,8.34513,35,0.57377,7,5,5,8,2026-01,2026-06,1
SE,Suède,dynamic,common,ok,false,2000-10,2026-06,309,0.284611,0.473175,0.188564,0.370078,0.58916,32.598938,186,0.601942,30,6.2,5,19,2026-01,2026-06,1
SE,Suède,dynamic,20y,ok,false,2006-06,2026-06,241,0.277554,0.476796,0.199242,0.370078,0.58916,21.963577,134,0.556017,24,5.583333,4.5,18,2026-01,2026-06,1
SE,Suède,dynamic,10y,ok,false,2016-06,2026-06,121,0.253384,0.49424,0.240856,0.370078,0.58916,15.272737,69,0.570248,13,5.307692,4,14,2026-01,2026-06,1
SE,Suède,dynamic,5y,ok,false,2021-06,2026-06,61,0.27307,0.482498,0.209428,0.370078,0.58916,7.872393,35,0.57377,7,5,5,8,2026-01,2026-06,1
SE,Suède,binary,common,ok,false,2000-10,2026-06,309,0.70149,0.871288,0.169798,0.562232,0.748035,34.542534,186,0.601942,30,6.2,5,19,2026-01,2026-06,1
SE,Suède,binary,20y,ok,false,2006-06,2026-06,241,0.687372,0.860035,0.172663,0.562232,0.748035,21.549543,134,0.556017,24,5.583333,4.5,18,2026-01,2026-06,1
SE,Suède,binary,10y,ok,false,2016-06,2026-06,121,0.613505,0.800543,0.187038,0.562232,0.748035,14.977412,69,0.570248,13,5.307692,4,14,2026-01,2026-06,1
SE,Suède,binary,5y,ok,false,2021-06,2026-06,61,0.57026,0.772546,0.202285,0.562232,0.748035,7.55255,35,0.57377,7,5,5,8,2026-01,2026-06,1
SG,Singapour,dynamic,common,ok,false,2013-06,2026-06,157,0.429856,0.598589,0.168733,0.5088,0.641141,11.428304,83,0.528662,16,5.1875,4.5,14,2026-01,2026-06,1
SG,Singapour,dynamic,20y,insufficient_history,true,2013-06,2026-06,157,,,,,,,,,,,,,,,
SG,Singapour,dynamic,10y,ok,false,2016-06,2026-06,121,0.424117,0.596022,0.171904,0.5088,0.641141,11.314499,69,0.570248,13,5.307692,4,14,2026-01,2026-06,1
SG,Singapour,dynamic,5y,ok,false,2021-06,2026-06,61,0.331864,0.471213,0.139348,0.5088,0.641141,6.045613,35,0.57377,7,5,5,8,2026-01,2026-06,1
SG,Singapour,binary,common,ok,false,2013-06,2026-06,157,1.02634,1.191741,0.165401,0.560427,0.757878,12.528507,83,0.528662,16,5.1875,4.5,14,2026-01,2026-06,1
SG,Singapour,binary,20y,insufficient_history,true,2013-06,2026-06,157,,,,,,,,,,,,,,,
SG,Singapour,binary,10y,ok,false,2016-06,2026-06,121,0.75462,0.948658,0.194039,0.560427,0.757878,12.411184,69,0.570248,13,5.307692,4,14,2026-01,2026-06,1
SG,Singapour,binary,5y,ok,false,2021-06,2026-06,61,0.61233,0.835496,0.223166,0.560427,0.757878,6.728747,35,0.57377,7,5,5,8,2026-01,2026-06,1
TW,Taiwan,dynamic,common,ok,false,2013-01,2026-06,162,0.406665,0.587121,0.180457,0.447164,0.632662,11.025327,85,0.524691,18,4.722222,4,14,2026-01,2026-06,1
TW,Taiwan,dynamic,20y,insufficient_history,true,2013-01,2026-06,162,,,,,,,,,,,,,,,
TW,Taiwan,dynamic,10y,ok,false,2016-06,2026-06,121,0.42123,0.596564,0.175334,0.447164,0.632662,11.609737,69,0.570248,13,5.307692,4,14,2026-01,2026-06,1
TW,Taiwan,dynamic,5y,ok,false,2021-06,2026-06,61,0.444962,0.619616,0.174654,0.447164,0.632662,7.255608,35,0.57377,7,5,5,8,2026-01,2026-06,1
TW,Taiwan,binary,common,ok,false,2013-01,2026-06,162,0.820733,1.000081,0.179349,0.120033,0.366873,12.136701,85,0.524691,18,4.722222,4,14,2026-01,2026-06,1
TW,Taiwan,binary,20y,insufficient_history,true,2013-01,2026-06,162,,,,,,,,,,,,,,,
TW,Taiwan,binary,10y,ok,false,2016-06,2026-06,121,0.5675,0.766315,0.198815,0.120033,0.366873,12.721098,69,0.570248,13,5.307692,4,14,2026-01,2026-06,1
TW,Taiwan,binary,5y,ok,false,2021-06,2026-06,61,0.748931,0.955247,0.206315,0.120033,0.366873,8.050262,35,0.57377,7,5,5,8,2026-01,2026-06,1
US,États-Unis,dynamic,common,ok,false,1995-01,2026-06,378,0.268656,0.412148,0.143491,0.489961,0.619792,46.670852,228,0.603175,33,6.909091,5,21,2026-01,2026-06,0.986772
US,États-Unis,dynamic,20y,ok,false,2006-06,2026-06,241,0.272203,0.433818,0.161615,0.489961,0.619792,16.981739,134,0.556017,24,5.583333,4.5,18,2026-01,2026-06,1
US,États-Unis,dynamic,10y,ok,false,2016-06,2026-06,121,0.282485,0.459815,0.17733,0.489961,0.619792,10.4077,69,0.570248,13,5.307692,4,14,2026-01,2026-06,1
US,États-Unis,dynamic,5y,ok,false,2021-06,2026-06,61,0.276792,0.440299,0.163507,0.489961,0.619792,5.530683,35,0.57377,7,5,5,8,2026-01,2026-06,1
US,États-Unis,binary,common,ok,false,1995-01,2026-06,378,0.527088,0.673212,0.146124,0.55094,0.745713,47.239568,228,0.603175,33,6.909091,5,21,2026-01,2026-06,0.986772
US,États-Unis,binary,20y,ok,false,2006-06,2026-06,241,0.50961,0.681121,0.171511,0.55094,0.745713,16.740768,134,0.556017,24,5.583333,4.5,18,2026-01,2026-06,1
US,États-Unis,binary,10y,ok,false,2016-06,2026-06,121,0.634382,0.815577,0.181195,0.55094,0.745713,10.441797,69,0.570248,13,5.307692,4,14,2026-01,2026-06,1
US,États-Unis,binary,5y,ok,false,2021-06,2026-06,61,0.637443,0.824299,0.186856,0.55094,0.745713,5.210474,35,0.57377,7,5,5,8,2026-01,2026-06,1
